/*PUBLISHER*/
INSERT INTO PUBLISHER VALUES (125,'Kuplan publishing', '70 Foxrun Drive Deltona, FL 32725');
INSERT INTO PUBLISHER VALUES (088,'Washington publishing', '792 Oak Street Leland, NC 28451');
INSERT INTO PUBLISHER VALUES (078,'Central King publishing', '420 Rockland St, Lakeland, FL 33801');
INSERT INTO PUBLISHER VALUES (122,'Magoosh publishing', '941 Penn Court. Union City, NJ 07087');
INSERT INTO PUBLISHER VALUES (136,'Oracle publishing', '347 Brookside St. Stone Mountain, GA 30083');
INSERT INTO PUBLISHER VALUES (145,'Microsoft publishing', '9493 South Walt Whitman Street San Carlos, CA 94070');
INSERT INTO PUBLISHER VALUES (012,'HBO publishing', '182 Madison AVE. Brooklyn, NY 12180');
insert into publisher(pubname,address) values ('A','B');

/*DOCUMENT*/
INSERT INTO DOCUMENT VALUES (1001,'How to use MySQL', '2016-06-07',125);
INSERT INTO DOCUMENT VALUES (1002,'java programming', '2010-07-01',088);
INSERT INTO DOCUMENT VALUES (1003,'introduction of PHP', '2013-01-23',078);
INSERT INTO DOCUMENT VALUES (1004,'Using C++ frameworks', '1994-06-06',122);
INSERT INTO DOCUMENT VALUES (1005,'Python for beginners', '2015-09-01',125);
INSERT INTO DOCUMENT VALUES (1006,'Perl programming for bioinformatics', '1995-04-04',136);
INSERT INTO DOCUMENT VALUES (1007,'Statistical Consulting', '1988-08-10',145);
INSERT INTO DOCUMENT VALUES (1008,'Security protocols', '2000-07-17',122);
INSERT INTO DOCUMENT VALUES (1009,'Database Management and Design', '1998-04-26',088);
INSERT INTO DOCUMENT VALUES (1010,'Accounting principles', '1995-12-02',078);
INSERT INTO DOCUMENT VALUES (1011,'Game of Thrones', '2018-05-05',012);
INSERT INTO DOCUMENT VALUES (1012,'Master & Apprentice (Star Wars)', '2019-04-19',012);
INSERT INTO DOCUMENT VALUES (1013,'The Second Mountain', '2014-01-05',122);
INSERT INTO DOCUMENT VALUES (1014,'Midsummer Mayhem', '2007-09-18',012);
INSERT INTO DOCUMENT VALUES (1015,'Ramona the Brave', '2003-05-05',125);
INSERT INTO DOCUMENT VALUES (1016,' Principles of neural science', '1970-06-12',122);
INSERT INTO DOCUMENT VALUES (1017,'Color science', '1975-02-28',088);
INSERT INTO DOCUMENT VALUES (1018,'Information technology for management', '2010-07-03',136);
INSERT INTO DOCUMENT VALUES (1019,'Terahertz technology', '2013-06-04',136);
INSERT INTO DOCUMENT VALUES (1020,'Internet address filtering based on a local database', '2012-06-12',078);
INSERT INTO DOCUMENT VALUES (1021,'Internet and database searching with handheld devices', '1975-05-01',145);
INSERT INTO DOCUMENT VALUES (1022,'Effect of scale and structure on the strength and deformability of rocks', '2014-04-04',078);

/*BOOK*/
INSERT INTO BOOK VALUES (1001,9563889739);
INSERT INTO BOOK VALUES (1002,0298745182);
INSERT INTO BOOK VALUES (1003,5266957902);
INSERT INTO BOOK VALUES (1004,7799600893);
INSERT INTO BOOK VALUES (1005,8669884842);
INSERT INTO BOOK VALUES (1006,8831189529);
INSERT INTO BOOK VALUES (1007,5739337690);
INSERT INTO BOOK VALUES (1008,3961063308);
INSERT INTO BOOK VALUES (1009,9563889739);
INSERT INTO BOOK VALUES (1010,0627986107);
INSERT INTO BOOK VALUES (1011,1702950976);
INSERT INTO BOOK VALUES (1012,1870044924);
INSERT INTO BOOK VALUES (1013,7748132346);
INSERT INTO BOOK VALUES (1014,8712430319);
INSERT INTO BOOK VALUES (1015,3001921522);

/*AUTHOR*/
INSERT INTO AUTHOR VALUES (101,'Todd Farr');
INSERT INTO AUTHOR VALUES (102,'Lance Victorino');
INSERT INTO AUTHOR VALUES (103,'James Martin');
INSERT INTO AUTHOR VALUES (104,'Stephen Wilson');
INSERT INTO AUTHOR VALUES (105,'Patricia Murphy');
INSERT INTO AUTHOR VALUES (106,'Travis Guy');
INSERT INTO AUTHOR VALUES (107,'John Feder');
INSERT INTO AUTHOR VALUES (108,'Joanne Stanfield');
INSERT INTO AUTHOR VALUES (109,'Maria Thompson');
INSERT INTO AUTHOR VALUES (110,'Tracy Thibodeau');


/*WRITES*/
INSERT INTO WRITES VALUES (101,1001);
INSERT INTO WRITES VALUES (102,1002);
INSERT INTO WRITES VALUES (103,1003);
INSERT INTO WRITES VALUES (104,1004);
INSERT INTO WRITES VALUES (105,1005);
INSERT INTO WRITES VALUES (106,1006);
INSERT INTO WRITES VALUES (107,1007);
INSERT INTO WRITES VALUES (108,1008);
INSERT INTO WRITES VALUES (109,1009);
INSERT INTO WRITES VALUES (110,1010);
INSERT INTO WRITES VALUES (101,1011);
INSERT INTO WRITES VALUES (102,1012);
INSERT INTO WRITES VALUES (103,1013);
INSERT INTO WRITES VALUES (104,1014);
INSERT INTO WRITES VALUES (105,1015);

/*PROCEEDINGS*/
INSERT INTO PROCEEDINGS VALUES (1021,'2011-03-31', '28 Old Edgemont St., Moorhead, MN 56560','Cayden Schroeder');
INSERT INTO PROCEEDINGS VALUES (1022,'2018-05-22', '777 West Albany Dr., State College, PA 16801','Kien Kirkpatrick');


/*CHIEF_EDITOR*/
INSERT INTO CHIEF_EDITOR VALUES (001,'Dorothy Joyner');
INSERT INTO CHIEF_EDITOR VALUES (002,'James K. Brown');
INSERT INTO CHIEF_EDITOR VALUES (003,'Jon A. Anderson');
INSERT INTO CHIEF_EDITOR VALUES (004,'Michael Simmons');
INSERT INTO CHIEF_EDITOR VALUES (005,'Lucinda Godinez');


/*JOURNAL_VOLUME*/
INSERT INTO JOURNAL_VOLUME VALUES (1016,1,001);
#INSERT INTO JOURNAL_VOLUME VALUES (1016,2,001);
#INSERT INTO JOURNAL_VOLUME VALUES (1016,3,001);
INSERT INTO JOURNAL_VOLUME VALUES (1017,1,002);
#INSERT INTO JOURNAL_VOLUME VALUES (1017,2,002);
#INSERT INTO JOURNAL_VOLUME VALUES (1017,3,002);
INSERT INTO JOURNAL_VOLUME VALUES (1018,1,003);
#INSERT INTO JOURNAL_VOLUME VALUES (1018,2,003);
#INSERT INTO JOURNAL_VOLUME VALUES (1018,1,005);
INSERT INTO JOURNAL_VOLUME VALUES (1019,1,004);
#INSERT INTO JOURNAL_VOLUME VALUES (1018,2,004);
INSERT INTO JOURNAL_VOLUME VALUES (1020,2,005);




/*JOURNAL_ISSUE*/
INSERT INTO JOURNAL_ISSUE VALUES (1016,1,'Physics');
INSERT INTO JOURNAL_ISSUE VALUES (1016,2,'Social sciences');
INSERT INTO JOURNAL_ISSUE VALUES (1016,3,'Humanities and Arts');
INSERT INTO JOURNAL_ISSUE VALUES (1017,1,'Physics');
INSERT INTO JOURNAL_ISSUE VALUES (1017,2,'Humanities and Arts');
INSERT INTO JOURNAL_ISSUE VALUES (1018,1,'Humanities and Arts');
INSERT INTO JOURNAL_ISSUE VALUES (1018,2,'Humanities and Arts');
INSERT INTO JOURNAL_ISSUE VALUES (1019,1,'Humanities and Arts');
INSERT INTO JOURNAL_ISSUE VALUES (1019,2,'Physics');
INSERT INTO JOURNAL_ISSUE VALUES (1019,3,'Humanities and Arts');
INSERT INTO JOURNAL_ISSUE VALUES (1019,4,'Humanities and Arts');
INSERT INTO JOURNAL_ISSUE VALUES (1019,5,'Humanities and Arts');
INSERT INTO JOURNAL_ISSUE VALUES (1019,6,'Physics');
INSERT INTO JOURNAL_ISSUE VALUES (1019,7,'Humanities and Arts');




/*INV_EDITOR*/
INSERT INTO INV_EDITOR VALUES (1016,1,'Malia Howard');
INSERT INTO INV_EDITOR VALUES (1016,1,'Mariah Marsden');
INSERT INTO INV_EDITOR VALUES (1016,1,'Juniper Bates');
INSERT INTO INV_EDITOR VALUES (1016,2,'Malia Howard');
INSERT INTO INV_EDITOR VALUES (1016,3,'Woodrow Patrick');
INSERT INTO INV_EDITOR VALUES (1016,3,'Darsh West');
INSERT INTO INV_EDITOR VALUES (1017,1,'Sama Simpson');
INSERT INTO INV_EDITOR VALUES (1017,2,'Sama Simpson');
INSERT INTO INV_EDITOR VALUES (1017,2,'Hakeem Macdonald');
INSERT INTO INV_EDITOR VALUES (1018,1,'Aaisha Magana');
INSERT INTO INV_EDITOR VALUES (1019,1,'Aaisha Magana');
INSERT INTO INV_EDITOR VALUES (1019,2,'Malia Howard');
INSERT INTO INV_EDITOR VALUES (1019,3,'Hakeem Macdonald');
INSERT INTO INV_EDITOR VALUES (1019,4,'Abigail Frey');

/*BRANCH*/
INSERT INTO BRANCH VALUES (01,'Puggas Plaza', '25 James St, Newark, NJ 07102');
INSERT INTO BRANCH VALUES (02,'Chiafub Heights', '1 Washington Pl, Newark, NJ 07102');
INSERT INTO BRANCH VALUES (03,'Soomamp Hills', '111 Mulberry St, Newark, NJ 07102');
INSERT INTO BRANCH VALUES (04,'Rank Boulevard', '60 Park Pl #1800, Newark, NJ 07102');
INSERT INTO BRANCH VALUES (05,'Jirmerk Place', '1037 Raymond Blvd, Newark, NJ 07102');
INSERT INTO BRANCH VALUES (06,'Lower Prupot', '84 Walnut St #202, Newark, NJ 07102');
INSERT INTO BRANCH VALUES (07,'Strullolwit Avenue', '494 Broad St, Newark, NJ 07102');
INSERT INTO BRANCH VALUES (08,'East Sosk ', '16 S 12th St, Newark, NJ 07107');


/*COPY*/
INSERT INTO COPY VALUES (1001,10001,01, '001A01');
INSERT INTO COPY VALUES (1001,10002,02, '010A01');
INSERT INTO COPY VALUES (1013,10003,04, '100B01');
INSERT INTO COPY VALUES (1001,10004,05, '010A01');
INSERT INTO COPY VALUES (1001,10005,06, '001C01');
INSERT INTO COPY VALUES (1002,10006,07, '010B01');
INSERT INTO COPY VALUES (1013,10007,08, '100A01');
INSERT INTO COPY VALUES (1002,10008,01, '001A02');
INSERT INTO COPY VALUES (1002,10009,02, '010C02');
INSERT INTO COPY VALUES (1014,10010,03, '100A02');
INSERT INTO COPY VALUES (1003,10011,04, '010B02');
INSERT INTO COPY VALUES (1014,10012,05, '001A02');
INSERT INTO COPY VALUES (1003,10013,06, '010A02');
INSERT INTO COPY VALUES (1015,10014,07, '100C02');
INSERT INTO COPY VALUES (1003,10015,08, '010A02');
INSERT INTO COPY VALUES (1015,10016,01, '001A03');
INSERT INTO COPY VALUES (1004,10017,02, '010B03');
INSERT INTO COPY VALUES (1004,10018,03, '101A03');
INSERT INTO COPY VALUES (1016,10019,04, '010C03');
INSERT INTO COPY VALUES (1004,10020,05, '001A03');
INSERT INTO COPY VALUES (1016,10021,06, '010B03');
INSERT INTO COPY VALUES (1005,10022,07, '100A03');
INSERT INTO COPY VALUES (1017,10023,08, '010A03');
INSERT INTO COPY VALUES (1006,10024,01, '001C04');
INSERT INTO COPY VALUES (1018,10025,02, '010C04');
INSERT INTO COPY VALUES (1006,10026,03, '100A04');
INSERT INTO COPY VALUES (1018,10027,04, '010A04');
INSERT INTO COPY VALUES (1006,10028,05, '001A04');
INSERT INTO COPY VALUES (1007,10029,06, '010C04');
INSERT INTO COPY VALUES (1007,10030,07, '100B04');
INSERT INTO COPY VALUES (1019,10031,08, '010A04');
INSERT INTO COPY VALUES (1007,10032,01, '001A05');
INSERT INTO COPY VALUES (1019,10033,02, '010B05');
INSERT INTO COPY VALUES (1008,10034,03, '001A05');
INSERT INTO COPY VALUES (1020,10035,04, '100B05');
INSERT INTO COPY VALUES (1008,10036,05, '010C05');
INSERT INTO COPY VALUES (1020,10037,06, '001A05');
INSERT INTO COPY VALUES (1021,10038,07, '010C05');
INSERT INTO COPY VALUES (1009,10039,08, '100B05');
INSERT INTO COPY VALUES (1009,10040,01, '010A05');
INSERT INTO COPY VALUES (1009,10041,02, '001A01');
INSERT INTO COPY VALUES (1022,10042,03, '100A02');
INSERT INTO COPY VALUES (1010,10043,04, '010B03');
INSERT INTO COPY VALUES (1022,10044,05, '001B04');
INSERT INTO COPY VALUES (1010,10045,06, '010A05');
INSERT INTO COPY VALUES (1021,10046,07, '100B01');
INSERT INTO COPY VALUES (1011,10047,08, '010A02');
INSERT INTO COPY VALUES (1011,10048,01, '001A03');
INSERT INTO COPY VALUES (1016,10049,02, '010B04');
INSERT INTO COPY VALUES (1012,10050,03, '100C05');
INSERT INTO COPY VALUES (1012,10040,06, '010B03');
INSERT INTO COPY VALUES (1017,10047,01, '010A03');
INSERT INTO COPY VALUES (1010,10050,03, '001B04');
INSERT INTO COPY VALUES (1015,10043,05, '010C05');


/*READER*/
INSERT INTO READER VALUES (12341,'Senior Citizen', 'Lynn R. Randell', '2241 Brookview Drive, Newark, NJ 07102');
INSERT INTO READER VALUES (12342,'Student', 'Randall J. Peachey', '4593 Mount Olive Road, Newark, NJ 07102');
INSERT INTO READER VALUES (12343,'Staff', 'Shawn F. Bradley', '3319 Wyatt Street, Newark, NJ 07102');
INSERT INTO READER VALUES (12344,'Student', 'Rhea S. Nunnally', '861 Spirit Drive, Newark, NJ 07102');
INSERT INTO READER VALUES (12345,'Senior Citizen', 'James S. Adkins', '1496 Ryan Road, Newark, NJ 07102');
INSERT INTO READER VALUES (12346,'Staff', 'Jim B. Novick', '1414 White Pine Lane, Newark, NJ 07102');
INSERT INTO READER VALUES (12347,'Student', 'Lawrence F. Davis', '3018 Oakdale Avenue, Newark, NJ 07102');
INSERT INTO READER VALUES (12348,'Senior Citizen', 'Libby J. Murr', '1686 College Avenue, Newark, NJ 07102');
INSERT INTO READER VALUES (12349,'Staff', 'Melinda J. Hadley', '1823 Patterson Fork Road, Newark, NJ 07102');
INSERT INTO READER VALUES (12310,'Student', 'Tracy R. Shaner', '3030 Pratt Avenue, Newark, NJ 07102');
INSERT INTO READER VALUES (12311,'Senior Citizen', 'Laila S. Wilson', '2409 Upton Avenue, Newark, NJ 07102');
INSERT INTO READER VALUES (12312,'Staff', 'Marc J. Blevins', '2514 Hill Street, Newark, NJ 07102');
INSERT INTO READER VALUES (12313,'Student', 'Marietta K. Brown', '2055 Lilac Lane, Newark, NJ 07102');
INSERT INTO READER VALUES (12314,'Senior Citizen', 'Shannon J. Angus', '4965 Rodney Street, Newark, NJ 07102');
INSERT INTO READER VALUES (12315,'Student', 'Stella M. Pease', '960 Nancy Street, Newark, NJ 07102');
INSERT INTO READER VALUES (12316,'Staff', 'Herb K. Ryan', '3493 Hummingbird Way, Newark, NJ 07102');
INSERT INTO READER VALUES (12317,'Student', 'Carmen J. Bentley', '2067 Mandan Road, Newark, NJ 07102');
INSERT INTO READER VALUES (12318,'Senior Citizen', 'Wayne S. Mack', '3855 Chardonnay Drive, Newark, NJ 07102');
INSERT INTO READER VALUES (12319,'Student', 'Brittany T. Malchow', '2835 Wines Lane, Newark, NJ 07102');
INSERT INTO READER VALUES (12320,'Student', 'Donald A. Edwards', '1155 Diamond Cove, Newark, NJ 07102');
INSERT INTO READER VALUES (12321,'Staff', 'Earl L. Augustine', '982 Flynn Street, Newark, NJ 07102');
INSERT INTO READER VALUES (12322,'Staff', 'Norbert L. Grimm', '3492 Poco Mas Drive, Newark, NJ 07102');



/*RESERVES-need to change format for date and time (DATETIME )*/
INSERT INTO RESERVES VALUES (000001,12345,1007,10030,07,'2019-04-26 08:48:53');
INSERT INTO RESERVES VALUES (000002,12321,1019,10031,08,'2019-04-26 12:26:38');
INSERT INTO RESERVES VALUES (000003,12316,1007,10032,01,'2019-04-27 13:16:47');
INSERT INTO RESERVES VALUES (000004,12313,1019,10033,02,'2019-04-26 15:11:06');
INSERT INTO RESERVES VALUES (000005,12343,1008,10034,03,'2019-04-28 15:55:18');
INSERT INTO RESERVES VALUES (000006,12310,1020,10035,04,'2019-04-27 10:35:34');


/*BORROWS- need to change format for date and time(DATETIME )*/
INSERT INTO BORROWS VALUES (000012,12346,1002,10006,07,'2019-04-27 10:35:19','2019-04-30 14:45:54');
INSERT INTO BORROWS VALUES (000013,12318,1013,10007,08,'2019-04-23 13:49:46','2019-04-30 15:56:37');
INSERT INTO BORROWS VALUES (000014,12310,1002,10008,01,'2019-04-25 10:32:56','2019-04-28 09:51:17');
INSERT INTO BORROWS VALUES (000015,12342,1002,10009,02,'2019-04-25 10:39:45',NULL);
INSERT INTO BORROWS VALUES (000016,12320,1014,10010,03,'2018-05-01 10:31:34','2018-05-03 12:02:57');
INSERT INTO BORROWS VALUES (000017,12321,1003,10011,04,'2019-05-01 15:23:23','2019-05-08 11:07:46');
INSERT INTO BORROWS VALUES (000018,12341,1022,10044,05,'2019-05-02 10:09:12','2019-04-30 01:02:01');
INSERT INTO BORROWS VALUES (000019,12343,1012,10040,06,'2019-05-03 07:12:22',NULL);
INSERT INTO BORROWS VALUES (000020,12345,1017,10047,01,'2019-05-03 06:37:42',NULL);
INSERT INTO BORROWS VALUES (000021,12349,1010,10050,03,'2019-05-04 08:30:55',NULL);
INSERT INTO BORROWS VALUES (000022,12313,1015,10043,05,'2019-05-05 08:47:52',NULL);
INSERT INTO BORROWS VALUES (000028,12313,1015,10043,05,'2017-05-05 08:47:52','2017-8-05 08:47:52');
INSERT INTO BORROWS VALUES (000029,12320,1014,10010,03,'2019-01-01 10:31:34',NULL);



